scenario_id,signal,Q1,Q2,revenue_uplift,fixed_cost,variable_cost,late_savings,profit,profit_vs_baseline
0,Strong,0,0,0.0,0.0,0.0,0,35977.30570367564,0.0
1,Weak,0,0,0.0,0.0,0.0,0,35977.30570367564,0.0
2,Strong,0,0,0.0,0.0,0.0,0,35977.30570367564,0.0
3,Strong,0,0,0.0,0.0,0.0,0,35977.30570367564,0.0
4,Weak,0,0,0.0,0.0,0.0,0,35977.30570367564,0.0
5,Weak,0,0,0.0,0.0,0.0,0,35977.30570367564,0.0
6,Weak,0,0,0.0,0.0,0.0,0,35977.30570367564,0.0
7,Weak,0,0,0.0,0.0,0.0,0,35977.30570367564,0.0
8,Strong,0,0,0.0,0.0,0.0,0,35977.30570367564,0.0
9,Weak,0,0,0.0,0.0,0.0,0,35977.30570367564,0.0
10,Weak,0,0,0.0,0.0,0.0,0,35977.30570367564,0.0
11,Strong,0,0,0.0,0.0,0.0,0,35977.30570367564,0.0
12,Weak,0,0,0.0,0.0,0.0,0,35977.30570367564,0.0
13,Strong,0,0,0.0,0.0,0.0,0,35977.30570367564,0.0
14,Strong,0,0,0.0,0.0,0.0,0,35977.30570367564,0.0
15,Strong,0,0,0.0,0.0,0.0,0,35977.30570367564,0.0
16,Weak,0,0,0.0,0.0,0.0,0,35977.30570367564,0.0
17,Weak,0,0,0.0,0.0,0.0,0,35977.30570367564,0.0
18,Weak,0,0,0.0,0.0,0.0,0,35977.30570367564,0.0
19,Strong,0,0,0.0,0.0,0.0,0,35977.30570367564,0.0
20,Weak,0,0,0.0,0.0,0.0,0,35977.30570367564,0.0
21,Strong,0,0,0.0,0.0,0.0,0,35977.30570367564,0.0
22,Strong,0,0,0.0,0.0,0.0,0,35977.30570367564,0.0
23,Strong,0,0,0.0,0.0,0.0,0,35977.30570367564,0.0
24,Weak,0,0,0.0,0.0,0.0,0,35977.30570367564,0.0
25,Strong,0,0,0.0,0.0,0.0,0,35977.30570367564,0.0
26,Strong,0,0,0.0,0.0,0.0,0,35977.30570367564,0.0
27,Weak,0,0,0.0,0.0,0.0,0,35977.30570367564,0.0
28,Weak,0,0,0.0,0.0,0.0,0,35977.30570367564,0.0
29,Strong,0,0,0.0,0.0,0.0,0,35977.30570367564,0.0
30,Weak,0,0,0.0,0.0,0.0,0,35977.30570367564,0.0
31,Strong,0,0,0.0,0.0,0.0,0,35977.30570367564,0.0
32,Weak,0,0,0.0,0.0,0.0,0,35977.30570367564,0.0
33,Weak,0,0,0.0,0.0,0.0,0,35977.30570367564,0.0
34,Strong,0,0,0.0,0.0,0.0,0,35977.30570367564,0.0
35,Weak,0,0,0.0,0.0,0.0,0,35977.30570367564,0.0
36,Strong,0,0,0.0,0.0,0.0,0,35977.30570367564,0.0
37,Weak,0,0,0.0,0.0,0.0,0,35977.30570367564,0.0
38,Strong,0,0,0.0,0.0,0.0,0,35977.30570367564,0.0
39,Weak,0,0,0.0,0.0,0.0,0,35977.30570367564,0.0
40,Weak,0,0,0.0,0.0,0.0,0,35977.30570367564,0.0
41,Weak,0,0,0.0,0.0,0.0,0,35977.30570367564,0.0
42,Weak,0,0,0.0,0.0,0.0,0,35977.30570367564,0.0
43,Weak,0,0,0.0,0.0,0.0,0,35977.30570367564,0.0
44,Strong,0,0,0.0,0.0,0.0,0,35977.30570367564,0.0
45,Strong,0,0,0.0,0.0,0.0,0,35977.30570367564,0.0
46,Strong,0,0,0.0,0.0,0.0,0,35977.30570367564,0.0
47,Strong,0,0,0.0,0.0,0.0,0,35977.30570367564,0.0
48,Strong,0,0,0.0,0.0,0.0,0,35977.30570367564,0.0
49,Weak,0,0,0.0,0.0,0.0,0,35977.30570367564,0.0
50,Strong,0,0,0.0,0.0,0.0,0,35977.30570367564,0.0
51,Weak,0,0,0.0,0.0,0.0,0,35977.30570367564,0.0
52,Weak,0,0,0.0,0.0,0.0,0,35977.30570367564,0.0
53,Strong,0,0,0.0,0.0,0.0,0,35977.30570367564,0.0
54,Strong,0,0,0.0,0.0,0.0,0,35977.30570367564,0.0
55,Weak,0,0,0.0,0.0,0.0,0,35977.30570367564,0.0
56,Strong,0,0,0.0,0.0,0.0,0,35977.30570367564,0.0
57,Weak,0,0,0.0,0.0,0.0,0,35977.30570367564,0.0
58,Weak,0,0,0.0,0.0,0.0,0,35977.30570367564,0.0
59,Strong,0,0,0.0,0.0,0.0,0,35977.30570367564,0.0
60,Strong,0,0,0.0,0.0,0.0,0,35977.30570367564,0.0
61,Strong,0,0,0.0,0.0,0.0,0,35977.30570367564,0.0
62,Strong,0,0,0.0,0.0,0.0,0,35977.30570367564,0.0
63,Strong,0,0,0.0,0.0,0.0,0,35977.30570367564,0.0
64,Strong,0,0,0.0,0.0,0.0,0,35977.30570367564,0.0
65,Weak,0,0,0.0,0.0,0.0,0,35977.30570367564,0.0
66,Strong,0,0,0.0,0.0,0.0,0,35977.30570367564,0.0
67,Strong,0,0,0.0,0.0,0.0,0,35977.30570367564,0.0
68,Strong,0,0,0.0,0.0,0.0,0,35977.30570367564,0.0
69,Weak,0,0,0.0,0.0,0.0,0,35977.30570367564,0.0
70,Weak,0,0,0.0,0.0,0.0,0,35977.30570367564,0.0
71,Strong,0,0,0.0,0.0,0.0,0,35977.30570367564,0.0
72,Strong,0,0,0.0,0.0,0.0,0,35977.30570367564,0.0
73,Strong,0,0,0.0,0.0,0.0,0,35977.30570367564,0.0
74,Weak,0,0,0.0,0.0,0.0,0,35977.30570367564,0.0
75,Strong,0,0,0.0,0.0,0.0,0,35977.30570367564,0.0
76,Weak,0,0,0.0,0.0,0.0,0,35977.30570367564,0.0
77,Weak,0,0,0.0,0.0,0.0,0,35977.30570367564,0.0
78,Strong,0,0,0.0,0.0,0.0,0,35977.30570367564,0.0
79,Weak,0,0,0.0,0.0,0.0,0,35977.30570367564,0.0
80,Strong,0,0,0.0,0.0,0.0,0,35977.30570367564,0.0
81,Weak,0,0,0.0,0.0,0.0,0,35977.30570367564,0.0
82,Strong,0,0,0.0,0.0,0.0,0,35977.30570367564,0.0
83,Weak,0,0,0.0,0.0,0.0,0,35977.30570367564,0.0
84,Strong,0,0,0.0,0.0,0.0,0,35977.30570367564,0.0
85,Strong,0,0,0.0,0.0,0.0,0,35977.30570367564,0.0
86,Strong,0,0,0.0,0.0,0.0,0,35977.30570367564,0.0
87,Weak,0,0,0.0,0.0,0.0,0,35977.30570367564,0.0
88,Weak,0,0,0.0,0.0,0.0,0,35977.30570367564,0.0
89,Weak,0,0,0.0,0.0,0.0,0,35977.30570367564,0.0
90,Strong,0,0,0.0,0.0,0.0,0,35977.30570367564,0.0
91,Weak,0,0,0.0,0.0,0.0,0,35977.30570367564,0.0
92,Weak,0,0,0.0,0.0,0.0,0,35977.30570367564,0.0
93,Strong,0,0,0.0,0.0,0.0,0,35977.30570367564,0.0
94,Strong,0,0,0.0,0.0,0.0,0,35977.30570367564,0.0
95,Strong,0,0,0.0,0.0,0.0,0,35977.30570367564,0.0
96,Strong,0,0,0.0,0.0,0.0,0,35977.30570367564,0.0
97,Strong,0,0,0.0,0.0,0.0,0,35977.30570367564,0.0
98,Strong,0,0,0.0,0.0,0.0,0,35977.30570367564,0.0
99,Strong,0,0,0.0,0.0,0.0,0,35977.30570367564,0.0
100,Strong,0,0,0.0,0.0,0.0,0,35977.30570367564,0.0
101,Strong,0,0,0.0,0.0,0.0,0,35977.30570367564,0.0
102,Weak,0,0,0.0,0.0,0.0,0,35977.30570367564,0.0
103,Strong,0,0,0.0,0.0,0.0,0,35977.30570367564,0.0
104,Weak,0,0,0.0,0.0,0.0,0,35977.30570367564,0.0
105,Weak,0,0,0.0,0.0,0.0,0,35977.30570367564,0.0
106,Weak,0,0,0.0,0.0,0.0,0,35977.30570367564,0.0
107,Strong,0,0,0.0,0.0,0.0,0,35977.30570367564,0.0
108,Strong,0,0,0.0,0.0,0.0,0,35977.30570367564,0.0
109,Strong,0,0,0.0,0.0,0.0,0,35977.30570367564,0.0
110,Strong,0,0,0.0,0.0,0.0,0,35977.30570367564,0.0
111,Weak,0,0,0.0,0.0,0.0,0,35977.30570367564,0.0
112,Weak,0,0,0.0,0.0,0.0,0,35977.30570367564,0.0
113,Strong,0,0,0.0,0.0,0.0,0,35977.30570367564,0.0
114,Weak,0,0,0.0,0.0,0.0,0,35977.30570367564,0.0
115,Strong,0,0,0.0,0.0,0.0,0,35977.30570367564,0.0
116,Strong,0,0,0.0,0.0,0.0,0,35977.30570367564,0.0
117,Strong,0,0,0.0,0.0,0.0,0,35977.30570367564,0.0
118,Weak,0,0,0.0,0.0,0.0,0,35977.30570367564,0.0
119,Strong,0,0,0.0,0.0,0.0,0,35977.30570367564,0.0
120,Weak,0,0,0.0,0.0,0.0,0,35977.30570367564,0.0
121,Strong,0,0,0.0,0.0,0.0,0,35977.30570367564,0.0
122,Strong,0,0,0.0,0.0,0.0,0,35977.30570367564,0.0
123,Strong,0,0,0.0,0.0,0.0,0,35977.30570367564,0.0
124,Weak,0,0,0.0,0.0,0.0,0,35977.30570367564,0.0
125,Weak,0,0,0.0,0.0,0.0,0,35977.30570367564,0.0
126,Weak,0,0,0.0,0.0,0.0,0,35977.30570367564,0.0
127,Weak,0,0,0.0,0.0,0.0,0,35977.30570367564,0.0
128,Weak,0,0,0.0,0.0,0.0,0,35977.30570367564,0.0
129,Weak,0,0,0.0,0.0,0.0,0,35977.30570367564,0.0
130,Strong,0,0,0.0,0.0,0.0,0,35977.30570367564,0.0
131,Strong,0,0,0.0,0.0,0.0,0,35977.30570367564,0.0
132,Strong,0,0,0.0,0.0,0.0,0,35977.30570367564,0.0
133,Weak,0,0,0.0,0.0,0.0,0,35977.30570367564,0.0
134,Strong,0,0,0.0,0.0,0.0,0,35977.30570367564,0.0
135,Strong,0,0,0.0,0.0,0.0,0,35977.30570367564,0.0
136,Strong,0,0,0.0,0.0,0.0,0,35977.30570367564,0.0
137,Weak,0,0,0.0,0.0,0.0,0,35977.30570367564,0.0
138,Weak,0,0,0.0,0.0,0.0,0,35977.30570367564,0.0
139,Weak,0,0,0.0,0.0,0.0,0,35977.30570367564,0.0
140,Weak,0,0,0.0,0.0,0.0,0,35977.30570367564,0.0
141,Strong,0,0,0.0,0.0,0.0,0,35977.30570367564,0.0
142,Strong,0,0,0.0,0.0,0.0,0,35977.30570367564,0.0
143,Weak,0,0,0.0,0.0,0.0,0,35977.30570367564,0.0
144,Weak,0,0,0.0,0.0,0.0,0,35977.30570367564,0.0
145,Strong,0,0,0.0,0.0,0.0,0,35977.30570367564,0.0
146,Strong,0,0,0.0,0.0,0.0,0,35977.30570367564,0.0
147,Strong,0,0,0.0,0.0,0.0,0,35977.30570367564,0.0
148,Strong,0,0,0.0,0.0,0.0,0,35977.30570367564,0.0
149,Weak,0,0,0.0,0.0,0.0,0,35977.30570367564,0.0
150,Weak,0,0,0.0,0.0,0.0,0,35977.30570367564,0.0
151,Strong,0,0,0.0,0.0,0.0,0,35977.30570367564,0.0
152,Weak,0,0,0.0,0.0,0.0,0,35977.30570367564,0.0
153,Strong,0,0,0.0,0.0,0.0,0,35977.30570367564,0.0
154,Strong,0,0,0.0,0.0,0.0,0,35977.30570367564,0.0
155,Strong,0,0,0.0,0.0,0.0,0,35977.30570367564,0.0
156,Strong,0,0,0.0,0.0,0.0,0,35977.30570367564,0.0
157,Weak,0,0,0.0,0.0,0.0,0,35977.30570367564,0.0
158,Weak,0,0,0.0,0.0,0.0,0,35977.30570367564,0.0
159,Strong,0,0,0.0,0.0,0.0,0,35977.30570367564,0.0
160,Strong,0,0,0.0,0.0,0.0,0,35977.30570367564,0.0
161,Weak,0,0,0.0,0.0,0.0,0,35977.30570367564,0.0
162,Weak,0,0,0.0,0.0,0.0,0,35977.30570367564,0.0
163,Strong,0,0,0.0,0.0,0.0,0,35977.30570367564,0.0
164,Weak,0,0,0.0,0.0,0.0,0,35977.30570367564,0.0
165,Weak,0,0,0.0,0.0,0.0,0,35977.30570367564,0.0
166,Strong,0,0,0.0,0.0,0.0,0,35977.30570367564,0.0
167,Weak,0,0,0.0,0.0,0.0,0,35977.30570367564,0.0
168,Strong,0,0,0.0,0.0,0.0,0,35977.30570367564,0.0
169,Strong,0,0,0.0,0.0,0.0,0,35977.30570367564,0.0
170,Weak,0,0,0.0,0.0,0.0,0,35977.30570367564,0.0
171,Strong,0,0,0.0,0.0,0.0,0,35977.30570367564,0.0
172,Strong,0,0,0.0,0.0,0.0,0,35977.30570367564,0.0
173,Strong,0,0,0.0,0.0,0.0,0,35977.30570367564,0.0
174,Strong,0,0,0.0,0.0,0.0,0,35977.30570367564,0.0
175,Weak,0,0,0.0,0.0,0.0,0,35977.30570367564,0.0
176,Strong,0,0,0.0,0.0,0.0,0,35977.30570367564,0.0
177,Weak,0,0,0.0,0.0,0.0,0,35977.30570367564,0.0
178,Strong,0,0,0.0,0.0,0.0,0,35977.30570367564,0.0
179,Weak,0,0,0.0,0.0,0.0,0,35977.30570367564,0.0
180,Weak,0,0,0.0,0.0,0.0,0,35977.30570367564,0.0
181,Weak,0,0,0.0,0.0,0.0,0,35977.30570367564,0.0
182,Strong,0,0,0.0,0.0,0.0,0,35977.30570367564,0.0
183,Strong,0,0,0.0,0.0,0.0,0,35977.30570367564,0.0
184,Weak,0,0,0.0,0.0,0.0,0,35977.30570367564,0.0
185,Strong,0,0,0.0,0.0,0.0,0,35977.30570367564,0.0
186,Strong,0,0,0.0,0.0,0.0,0,35977.30570367564,0.0
187,Strong,0,0,0.0,0.0,0.0,0,35977.30570367564,0.0
188,Strong,0,0,0.0,0.0,0.0,0,35977.30570367564,0.0
189,Weak,0,0,0.0,0.0,0.0,0,35977.30570367564,0.0
190,Weak,0,0,0.0,0.0,0.0,0,35977.30570367564,0.0
191,Strong,0,0,0.0,0.0,0.0,0,35977.30570367564,0.0
192,Weak,0,0,0.0,0.0,0.0,0,35977.30570367564,0.0
193,Weak,0,0,0.0,0.0,0.0,0,35977.30570367564,0.0
194,Strong,0,0,0.0,0.0,0.0,0,35977.30570367564,0.0
195,Weak,0,0,0.0,0.0,0.0,0,35977.30570367564,0.0
196,Strong,0,0,0.0,0.0,0.0,0,35977.30570367564,0.0
197,Weak,0,0,0.0,0.0,0.0,0,35977.30570367564,0.0
198,Strong,0,0,0.0,0.0,0.0,0,35977.30570367564,0.0
199,Strong,0,0,0.0,0.0,0.0,0,35977.30570367564,0.0
200,Strong,0,0,0.0,0.0,0.0,0,35977.30570367564,0.0
201,Strong,0,0,0.0,0.0,0.0,0,35977.30570367564,0.0
202,Strong,0,0,0.0,0.0,0.0,0,35977.30570367564,0.0
203,Strong,0,0,0.0,0.0,0.0,0,35977.30570367564,0.0
204,Strong,0,0,0.0,0.0,0.0,0,35977.30570367564,0.0
205,Strong,0,0,0.0,0.0,0.0,0,35977.30570367564,0.0
206,Weak,0,0,0.0,0.0,0.0,0,35977.30570367564,0.0
207,Strong,0,0,0.0,0.0,0.0,0,35977.30570367564,0.0
208,Weak,0,0,0.0,0.0,0.0,0,35977.30570367564,0.0
209,Strong,0,0,0.0,0.0,0.0,0,35977.30570367564,0.0
210,Strong,0,0,0.0,0.0,0.0,0,35977.30570367564,0.0
211,Weak,0,0,0.0,0.0,0.0,0,35977.30570367564,0.0
212,Weak,0,0,0.0,0.0,0.0,0,35977.30570367564,0.0
213,Strong,0,0,0.0,0.0,0.0,0,35977.30570367564,0.0
214,Weak,0,0,0.0,0.0,0.0,0,35977.30570367564,0.0
215,Weak,0,0,0.0,0.0,0.0,0,35977.30570367564,0.0
216,Weak,0,0,0.0,0.0,0.0,0,35977.30570367564,0.0
217,Weak,0,0,0.0,0.0,0.0,0,35977.30570367564,0.0
218,Weak,0,0,0.0,0.0,0.0,0,35977.30570367564,0.0
219,Strong,0,0,0.0,0.0,0.0,0,35977.30570367564,0.0
220,Strong,0,0,0.0,0.0,0.0,0,35977.30570367564,0.0
221,Strong,0,0,0.0,0.0,0.0,0,35977.30570367564,0.0
222,Strong,0,0,0.0,0.0,0.0,0,35977.30570367564,0.0
223,Weak,0,0,0.0,0.0,0.0,0,35977.30570367564,0.0
224,Weak,0,0,0.0,0.0,0.0,0,35977.30570367564,0.0
225,Strong,0,0,0.0,0.0,0.0,0,35977.30570367564,0.0
226,Weak,0,0,0.0,0.0,0.0,0,35977.30570367564,0.0
227,Weak,0,0,0.0,0.0,0.0,0,35977.30570367564,0.0
228,Weak,0,0,0.0,0.0,0.0,0,35977.30570367564,0.0
229,Weak,0,0,0.0,0.0,0.0,0,35977.30570367564,0.0
230,Weak,0,0,0.0,0.0,0.0,0,35977.30570367564,0.0
231,Strong,0,0,0.0,0.0,0.0,0,35977.30570367564,0.0
232,Strong,0,0,0.0,0.0,0.0,0,35977.30570367564,0.0
233,Weak,0,0,0.0,0.0,0.0,0,35977.30570367564,0.0
234,Strong,0,0,0.0,0.0,0.0,0,35977.30570367564,0.0
235,Weak,0,0,0.0,0.0,0.0,0,35977.30570367564,0.0
236,Weak,0,0,0.0,0.0,0.0,0,35977.30570367564,0.0
237,Strong,0,0,0.0,0.0,0.0,0,35977.30570367564,0.0
238,Strong,0,0,0.0,0.0,0.0,0,35977.30570367564,0.0
239,Strong,0,0,0.0,0.0,0.0,0,35977.30570367564,0.0
240,Strong,0,0,0.0,0.0,0.0,0,35977.30570367564,0.0
241,Strong,0,0,0.0,0.0,0.0,0,35977.30570367564,0.0
242,Weak,0,0,0.0,0.0,0.0,0,35977.30570367564,0.0
243,Strong,0,0,0.0,0.0,0.0,0,35977.30570367564,0.0
244,Strong,0,0,0.0,0.0,0.0,0,35977.30570367564,0.0
245,Weak,0,0,0.0,0.0,0.0,0,35977.30570367564,0.0
246,Weak,0,0,0.0,0.0,0.0,0,35977.30570367564,0.0
247,Weak,0,0,0.0,0.0,0.0,0,35977.30570367564,0.0
248,Strong,0,0,0.0,0.0,0.0,0,35977.30570367564,0.0
249,Weak,0,0,0.0,0.0,0.0,0,35977.30570367564,0.0
250,Strong,0,0,0.0,0.0,0.0,0,35977.30570367564,0.0
251,Weak,0,0,0.0,0.0,0.0,0,35977.30570367564,0.0
252,Weak,0,0,0.0,0.0,0.0,0,35977.30570367564,0.0
253,Weak,0,0,0.0,0.0,0.0,0,35977.30570367564,0.0
254,Weak,0,0,0.0,0.0,0.0,0,35977.30570367564,0.0
255,Strong,0,0,0.0,0.0,0.0,0,35977.30570367564,0.0
256,Strong,0,0,0.0,0.0,0.0,0,35977.30570367564,0.0
257,Strong,0,0,0.0,0.0,0.0,0,35977.30570367564,0.0
258,Weak,0,0,0.0,0.0,0.0,0,35977.30570367564,0.0
259,Weak,0,0,0.0,0.0,0.0,0,35977.30570367564,0.0
260,Strong,0,0,0.0,0.0,0.0,0,35977.30570367564,0.0
261,Strong,0,0,0.0,0.0,0.0,0,35977.30570367564,0.0
262,Strong,0,0,0.0,0.0,0.0,0,35977.30570367564,0.0
263,Weak,0,0,0.0,0.0,0.0,0,35977.30570367564,0.0
264,Strong,0,0,0.0,0.0,0.0,0,35977.30570367564,0.0
265,Strong,0,0,0.0,0.0,0.0,0,35977.30570367564,0.0
266,Strong,0,0,0.0,0.0,0.0,0,35977.30570367564,0.0
267,Weak,0,0,0.0,0.0,0.0,0,35977.30570367564,0.0
268,Weak,0,0,0.0,0.0,0.0,0,35977.30570367564,0.0
269,Strong,0,0,0.0,0.0,0.0,0,35977.30570367564,0.0
270,Weak,0,0,0.0,0.0,0.0,0,35977.30570367564,0.0
271,Strong,0,0,0.0,0.0,0.0,0,35977.30570367564,0.0
272,Weak,0,0,0.0,0.0,0.0,0,35977.30570367564,0.0
273,Strong,0,0,0.0,0.0,0.0,0,35977.30570367564,0.0
274,Strong,0,0,0.0,0.0,0.0,0,35977.30570367564,0.0
275,Strong,0,0,0.0,0.0,0.0,0,35977.30570367564,0.0
276,Weak,0,0,0.0,0.0,0.0,0,35977.30570367564,0.0
277,Strong,0,0,0.0,0.0,0.0,0,35977.30570367564,0.0
278,Strong,0,0,0.0,0.0,0.0,0,35977.30570367564,0.0
279,Strong,0,0,0.0,0.0,0.0,0,35977.30570367564,0.0
280,Strong,0,0,0.0,0.0,0.0,0,35977.30570367564,0.0
281,Weak,0,0,0.0,0.0,0.0,0,35977.30570367564,0.0
282,Weak,0,0,0.0,0.0,0.0,0,35977.30570367564,0.0
283,Weak,0,0,0.0,0.0,0.0,0,35977.30570367564,0.0
284,Strong,0,0,0.0,0.0,0.0,0,35977.30570367564,0.0
285,Weak,0,0,0.0,0.0,0.0,0,35977.30570367564,0.0
286,Weak,0,0,0.0,0.0,0.0,0,35977.30570367564,0.0
287,Weak,0,0,0.0,0.0,0.0,0,35977.30570367564,0.0
288,Weak,0,0,0.0,0.0,0.0,0,35977.30570367564,0.0
289,Weak,0,0,0.0,0.0,0.0,0,35977.30570367564,0.0
290,Weak,0,0,0.0,0.0,0.0,0,35977.30570367564,0.0
291,Strong,0,0,0.0,0.0,0.0,0,35977.30570367564,0.0
292,Weak,0,0,0.0,0.0,0.0,0,35977.30570367564,0.0
293,Weak,0,0,0.0,0.0,0.0,0,35977.30570367564,0.0
294,Strong,0,0,0.0,0.0,0.0,0,35977.30570367564,0.0
295,Strong,0,0,0.0,0.0,0.0,0,35977.30570367564,0.0
296,Strong,0,0,0.0,0.0,0.0,0,35977.30570367564,0.0
297,Strong,0,0,0.0,0.0,0.0,0,35977.30570367564,0.0
298,Weak,0,0,0.0,0.0,0.0,0,35977.30570367564,0.0
299,Weak,0,0,0.0,0.0,0.0,0,35977.30570367564,0.0
300,Weak,0,0,0.0,0.0,0.0,0,35977.30570367564,0.0
301,Weak,0,0,0.0,0.0,0.0,0,35977.30570367564,0.0
302,Strong,0,0,0.0,0.0,0.0,0,35977.30570367564,0.0
303,Strong,0,0,0.0,0.0,0.0,0,35977.30570367564,0.0
304,Strong,0,0,0.0,0.0,0.0,0,35977.30570367564,0.0
305,Strong,0,0,0.0,0.0,0.0,0,35977.30570367564,0.0
306,Strong,0,0,0.0,0.0,0.0,0,35977.30570367564,0.0
307,Weak,0,0,0.0,0.0,0.0,0,35977.30570367564,0.0
308,Strong,0,0,0.0,0.0,0.0,0,35977.30570367564,0.0
309,Strong,0,0,0.0,0.0,0.0,0,35977.30570367564,0.0
310,Weak,0,0,0.0,0.0,0.0,0,35977.30570367564,0.0
311,Weak,0,0,0.0,0.0,0.0,0,35977.30570367564,0.0
312,Weak,0,0,0.0,0.0,0.0,0,35977.30570367564,0.0
313,Strong,0,0,0.0,0.0,0.0,0,35977.30570367564,0.0
314,Strong,0,0,0.0,0.0,0.0,0,35977.30570367564,0.0
315,Strong,0,0,0.0,0.0,0.0,0,35977.30570367564,0.0
316,Strong,0,0,0.0,0.0,0.0,0,35977.30570367564,0.0
317,Weak,0,0,0.0,0.0,0.0,0,35977.30570367564,0.0
318,Strong,0,0,0.0,0.0,0.0,0,35977.30570367564,0.0
319,Strong,0,0,0.0,0.0,0.0,0,35977.30570367564,0.0
320,Strong,0,0,0.0,0.0,0.0,0,35977.30570367564,0.0
321,Strong,0,0,0.0,0.0,0.0,0,35977.30570367564,0.0
322,Weak,0,0,0.0,0.0,0.0,0,35977.30570367564,0.0
323,Strong,0,0,0.0,0.0,0.0,0,35977.30570367564,0.0
324,Strong,0,0,0.0,0.0,0.0,0,35977.30570367564,0.0
325,Strong,0,0,0.0,0.0,0.0,0,35977.30570367564,0.0
326,Weak,0,0,0.0,0.0,0.0,0,35977.30570367564,0.0
327,Strong,0,0,0.0,0.0,0.0,0,35977.30570367564,0.0
328,Strong,0,0,0.0,0.0,0.0,0,35977.30570367564,0.0
329,Weak,0,0,0.0,0.0,0.0,0,35977.30570367564,0.0
330,Weak,0,0,0.0,0.0,0.0,0,35977.30570367564,0.0
331,Weak,0,0,0.0,0.0,0.0,0,35977.30570367564,0.0
332,Strong,0,0,0.0,0.0,0.0,0,35977.30570367564,0.0
333,Weak,0,0,0.0,0.0,0.0,0,35977.30570367564,0.0
334,Strong,0,0,0.0,0.0,0.0,0,35977.30570367564,0.0
335,Weak,0,0,0.0,0.0,0.0,0,35977.30570367564,0.0
336,Strong,0,0,0.0,0.0,0.0,0,35977.30570367564,0.0
337,Weak,0,0,0.0,0.0,0.0,0,35977.30570367564,0.0
338,Weak,0,0,0.0,0.0,0.0,0,35977.30570367564,0.0
339,Weak,0,0,0.0,0.0,0.0,0,35977.30570367564,0.0
340,Strong,0,0,0.0,0.0,0.0,0,35977.30570367564,0.0
341,Weak,0,0,0.0,0.0,0.0,0,35977.30570367564,0.0
342,Weak,0,0,0.0,0.0,0.0,0,35977.30570367564,0.0
343,Weak,0,0,0.0,0.0,0.0,0,35977.30570367564,0.0
344,Weak,0,0,0.0,0.0,0.0,0,35977.30570367564,0.0
345,Weak,0,0,0.0,0.0,0.0,0,35977.30570367564,0.0
346,Strong,0,0,0.0,0.0,0.0,0,35977.30570367564,0.0
347,Strong,0,0,0.0,0.0,0.0,0,35977.30570367564,0.0
348,Strong,0,0,0.0,0.0,0.0,0,35977.30570367564,0.0
349,Strong,0,0,0.0,0.0,0.0,0,35977.30570367564,0.0
350,Strong,0,0,0.0,0.0,0.0,0,35977.30570367564,0.0
351,Weak,0,0,0.0,0.0,0.0,0,35977.30570367564,0.0
352,Strong,0,0,0.0,0.0,0.0,0,35977.30570367564,0.0
353,Weak,0,0,0.0,0.0,0.0,0,35977.30570367564,0.0
354,Weak,0,0,0.0,0.0,0.0,0,35977.30570367564,0.0
355,Strong,0,0,0.0,0.0,0.0,0,35977.30570367564,0.0
356,Weak,0,0,0.0,0.0,0.0,0,35977.30570367564,0.0
357,Strong,0,0,0.0,0.0,0.0,0,35977.30570367564,0.0
358,Strong,0,0,0.0,0.0,0.0,0,35977.30570367564,0.0
359,Weak,0,0,0.0,0.0,0.0,0,35977.30570367564,0.0
360,Strong,0,0,0.0,0.0,0.0,0,35977.30570367564,0.0
361,Strong,0,0,0.0,0.0,0.0,0,35977.30570367564,0.0
362,Weak,0,0,0.0,0.0,0.0,0,35977.30570367564,0.0
363,Strong,0,0,0.0,0.0,0.0,0,35977.30570367564,0.0
364,Weak,0,0,0.0,0.0,0.0,0,35977.30570367564,0.0
365,Strong,0,0,0.0,0.0,0.0,0,35977.30570367564,0.0
366,Strong,0,0,0.0,0.0,0.0,0,35977.30570367564,0.0
367,Weak,0,0,0.0,0.0,0.0,0,35977.30570367564,0.0
368,Strong,0,0,0.0,0.0,0.0,0,35977.30570367564,0.0
369,Strong,0,0,0.0,0.0,0.0,0,35977.30570367564,0.0
370,Strong,0,0,0.0,0.0,0.0,0,35977.30570367564,0.0
371,Strong,0,0,0.0,0.0,0.0,0,35977.30570367564,0.0
372,Strong,0,0,0.0,0.0,0.0,0,35977.30570367564,0.0
373,Strong,0,0,0.0,0.0,0.0,0,35977.30570367564,0.0
374,Strong,0,0,0.0,0.0,0.0,0,35977.30570367564,0.0
375,Weak,0,0,0.0,0.0,0.0,0,35977.30570367564,0.0
376,Weak,0,0,0.0,0.0,0.0,0,35977.30570367564,0.0
377,Weak,0,0,0.0,0.0,0.0,0,35977.30570367564,0.0
378,Strong,0,0,0.0,0.0,0.0,0,35977.30570367564,0.0
379,Weak,0,0,0.0,0.0,0.0,0,35977.30570367564,0.0
380,Weak,0,0,0.0,0.0,0.0,0,35977.30570367564,0.0
381,Weak,0,0,0.0,0.0,0.0,0,35977.30570367564,0.0
382,Weak,0,0,0.0,0.0,0.0,0,35977.30570367564,0.0
383,Strong,0,0,0.0,0.0,0.0,0,35977.30570367564,0.0
384,Strong,0,0,0.0,0.0,0.0,0,35977.30570367564,0.0
385,Strong,0,0,0.0,0.0,0.0,0,35977.30570367564,0.0
386,Strong,0,0,0.0,0.0,0.0,0,35977.30570367564,0.0
387,Weak,0,0,0.0,0.0,0.0,0,35977.30570367564,0.0
388,Weak,0,0,0.0,0.0,0.0,0,35977.30570367564,0.0
389,Strong,0,0,0.0,0.0,0.0,0,35977.30570367564,0.0
390,Strong,0,0,0.0,0.0,0.0,0,35977.30570367564,0.0
391,Strong,0,0,0.0,0.0,0.0,0,35977.30570367564,0.0
392,Strong,0,0,0.0,0.0,0.0,0,35977.30570367564,0.0
393,Weak,0,0,0.0,0.0,0.0,0,35977.30570367564,0.0
394,Strong,0,0,0.0,0.0,0.0,0,35977.30570367564,0.0
395,Strong,0,0,0.0,0.0,0.0,0,35977.30570367564,0.0
396,Strong,0,0,0.0,0.0,0.0,0,35977.30570367564,0.0
397,Strong,0,0,0.0,0.0,0.0,0,35977.30570367564,0.0
398,Strong,0,0,0.0,0.0,0.0,0,35977.30570367564,0.0
399,Weak,0,0,0.0,0.0,0.0,0,35977.30570367564,0.0
400,Strong,0,0,0.0,0.0,0.0,0,35977.30570367564,0.0
401,Strong,0,0,0.0,0.0,0.0,0,35977.30570367564,0.0
402,Weak,0,0,0.0,0.0,0.0,0,35977.30570367564,0.0
403,Weak,0,0,0.0,0.0,0.0,0,35977.30570367564,0.0
404,Weak,0,0,0.0,0.0,0.0,0,35977.30570367564,0.0
405,Weak,0,0,0.0,0.0,0.0,0,35977.30570367564,0.0
406,Strong,0,0,0.0,0.0,0.0,0,35977.30570367564,0.0
407,Weak,0,0,0.0,0.0,0.0,0,35977.30570367564,0.0
408,Strong,0,0,0.0,0.0,0.0,0,35977.30570367564,0.0
409,Weak,0,0,0.0,0.0,0.0,0,35977.30570367564,0.0
410,Strong,0,0,0.0,0.0,0.0,0,35977.30570367564,0.0
411,Weak,0,0,0.0,0.0,0.0,0,35977.30570367564,0.0
412,Weak,0,0,0.0,0.0,0.0,0,35977.30570367564,0.0
413,Strong,0,0,0.0,0.0,0.0,0,35977.30570367564,0.0
414,Strong,0,0,0.0,0.0,0.0,0,35977.30570367564,0.0
415,Strong,0,0,0.0,0.0,0.0,0,35977.30570367564,0.0
416,Strong,0,0,0.0,0.0,0.0,0,35977.30570367564,0.0
417,Strong,0,0,0.0,0.0,0.0,0,35977.30570367564,0.0
418,Strong,0,0,0.0,0.0,0.0,0,35977.30570367564,0.0
419,Weak,0,0,0.0,0.0,0.0,0,35977.30570367564,0.0
420,Strong,0,0,0.0,0.0,0.0,0,35977.30570367564,0.0
421,Strong,0,0,0.0,0.0,0.0,0,35977.30570367564,0.0
422,Weak,0,0,0.0,0.0,0.0,0,35977.30570367564,0.0
423,Weak,0,0,0.0,0.0,0.0,0,35977.30570367564,0.0
424,Strong,0,0,0.0,0.0,0.0,0,35977.30570367564,0.0
425,Strong,0,0,0.0,0.0,0.0,0,35977.30570367564,0.0
426,Weak,0,0,0.0,0.0,0.0,0,35977.30570367564,0.0
427,Strong,0,0,0.0,0.0,0.0,0,35977.30570367564,0.0
428,Strong,0,0,0.0,0.0,0.0,0,35977.30570367564,0.0
429,Strong,0,0,0.0,0.0,0.0,0,35977.30570367564,0.0
430,Weak,0,0,0.0,0.0,0.0,0,35977.30570367564,0.0
431,Strong,0,0,0.0,0.0,0.0,0,35977.30570367564,0.0
432,Strong,0,0,0.0,0.0,0.0,0,35977.30570367564,0.0
433,Strong,0,0,0.0,0.0,0.0,0,35977.30570367564,0.0
434,Strong,0,0,0.0,0.0,0.0,0,35977.30570367564,0.0
435,Strong,0,0,0.0,0.0,0.0,0,35977.30570367564,0.0
436,Weak,0,0,0.0,0.0,0.0,0,35977.30570367564,0.0
437,Weak,0,0,0.0,0.0,0.0,0,35977.30570367564,0.0
438,Strong,0,0,0.0,0.0,0.0,0,35977.30570367564,0.0
439,Weak,0,0,0.0,0.0,0.0,0,35977.30570367564,0.0
440,Strong,0,0,0.0,0.0,0.0,0,35977.30570367564,0.0
441,Strong,0,0,0.0,0.0,0.0,0,35977.30570367564,0.0
442,Strong,0,0,0.0,0.0,0.0,0,35977.30570367564,0.0
443,Weak,0,0,0.0,0.0,0.0,0,35977.30570367564,0.0
444,Strong,0,0,0.0,0.0,0.0,0,35977.30570367564,0.0
445,Strong,0,0,0.0,0.0,0.0,0,35977.30570367564,0.0
446,Strong,0,0,0.0,0.0,0.0,0,35977.30570367564,0.0
447,Weak,0,0,0.0,0.0,0.0,0,35977.30570367564,0.0
448,Strong,0,0,0.0,0.0,0.0,0,35977.30570367564,0.0
449,Weak,0,0,0.0,0.0,0.0,0,35977.30570367564,0.0
450,Weak,0,0,0.0,0.0,0.0,0,35977.30570367564,0.0
451,Weak,0,0,0.0,0.0,0.0,0,35977.30570367564,0.0
452,Strong,0,0,0.0,0.0,0.0,0,35977.30570367564,0.0
453,Weak,0,0,0.0,0.0,0.0,0,35977.30570367564,0.0
454,Weak,0,0,0.0,0.0,0.0,0,35977.30570367564,0.0
455,Weak,0,0,0.0,0.0,0.0,0,35977.30570367564,0.0
456,Strong,0,0,0.0,0.0,0.0,0,35977.30570367564,0.0
457,Weak,0,0,0.0,0.0,0.0,0,35977.30570367564,0.0
458,Strong,0,0,0.0,0.0,0.0,0,35977.30570367564,0.0
459,Weak,0,0,0.0,0.0,0.0,0,35977.30570367564,0.0
460,Weak,0,0,0.0,0.0,0.0,0,35977.30570367564,0.0
461,Strong,0,0,0.0,0.0,0.0,0,35977.30570367564,0.0
462,Strong,0,0,0.0,0.0,0.0,0,35977.30570367564,0.0
463,Weak,0,0,0.0,0.0,0.0,0,35977.30570367564,0.0
464,Strong,0,0,0.0,0.0,0.0,0,35977.30570367564,0.0
465,Strong,0,0,0.0,0.0,0.0,0,35977.30570367564,0.0
466,Strong,0,0,0.0,0.0,0.0,0,35977.30570367564,0.0
467,Weak,0,0,0.0,0.0,0.0,0,35977.30570367564,0.0
468,Strong,0,0,0.0,0.0,0.0,0,35977.30570367564,0.0
469,Weak,0,0,0.0,0.0,0.0,0,35977.30570367564,0.0
470,Weak,0,0,0.0,0.0,0.0,0,35977.30570367564,0.0
471,Strong,0,0,0.0,0.0,0.0,0,35977.30570367564,0.0
472,Strong,0,0,0.0,0.0,0.0,0,35977.30570367564,0.0
473,Weak,0,0,0.0,0.0,0.0,0,35977.30570367564,0.0
474,Strong,0,0,0.0,0.0,0.0,0,35977.30570367564,0.0
475,Strong,0,0,0.0,0.0,0.0,0,35977.30570367564,0.0
476,Strong,0,0,0.0,0.0,0.0,0,35977.30570367564,0.0
477,Strong,0,0,0.0,0.0,0.0,0,35977.30570367564,0.0
478,Weak,0,0,0.0,0.0,0.0,0,35977.30570367564,0.0
479,Strong,0,0,0.0,0.0,0.0,0,35977.30570367564,0.0
480,Strong,0,0,0.0,0.0,0.0,0,35977.30570367564,0.0
481,Strong,0,0,0.0,0.0,0.0,0,35977.30570367564,0.0
482,Strong,0,0,0.0,0.0,0.0,0,35977.30570367564,0.0
483,Strong,0,0,0.0,0.0,0.0,0,35977.30570367564,0.0
484,Strong,0,0,0.0,0.0,0.0,0,35977.30570367564,0.0
485,Strong,0,0,0.0,0.0,0.0,0,35977.30570367564,0.0
486,Strong,0,0,0.0,0.0,0.0,0,35977.30570367564,0.0
487,Weak,0,0,0.0,0.0,0.0,0,35977.30570367564,0.0
488,Strong,0,0,0.0,0.0,0.0,0,35977.30570367564,0.0
489,Strong,0,0,0.0,0.0,0.0,0,35977.30570367564,0.0
490,Strong,0,0,0.0,0.0,0.0,0,35977.30570367564,0.0
491,Strong,0,0,0.0,0.0,0.0,0,35977.30570367564,0.0
492,Strong,0,0,0.0,0.0,0.0,0,35977.30570367564,0.0
493,Strong,0,0,0.0,0.0,0.0,0,35977.30570367564,0.0
494,Strong,0,0,0.0,0.0,0.0,0,35977.30570367564,0.0
495,Weak,0,0,0.0,0.0,0.0,0,35977.30570367564,0.0
496,Strong,0,0,0.0,0.0,0.0,0,35977.30570367564,0.0
497,Weak,0,0,0.0,0.0,0.0,0,35977.30570367564,0.0
498,Weak,0,0,0.0,0.0,0.0,0,35977.30570367564,0.0
499,Strong,0,0,0.0,0.0,0.0,0,35977.30570367564,0.0
500,Strong,0,0,0.0,0.0,0.0,0,35977.30570367564,0.0
501,Strong,0,0,0.0,0.0,0.0,0,35977.30570367564,0.0
502,Weak,0,0,0.0,0.0,0.0,0,35977.30570367564,0.0
503,Strong,0,0,0.0,0.0,0.0,0,35977.30570367564,0.0
504,Strong,0,0,0.0,0.0,0.0,0,35977.30570367564,0.0
505,Strong,0,0,0.0,0.0,0.0,0,35977.30570367564,0.0
506,Weak,0,0,0.0,0.0,0.0,0,35977.30570367564,0.0
507,Strong,0,0,0.0,0.0,0.0,0,35977.30570367564,0.0
508,Strong,0,0,0.0,0.0,0.0,0,35977.30570367564,0.0
509,Strong,0,0,0.0,0.0,0.0,0,35977.30570367564,0.0
510,Strong,0,0,0.0,0.0,0.0,0,35977.30570367564,0.0
511,Weak,0,0,0.0,0.0,0.0,0,35977.30570367564,0.0
512,Strong,0,0,0.0,0.0,0.0,0,35977.30570367564,0.0
513,Strong,0,0,0.0,0.0,0.0,0,35977.30570367564,0.0
514,Strong,0,0,0.0,0.0,0.0,0,35977.30570367564,0.0
515,Weak,0,0,0.0,0.0,0.0,0,35977.30570367564,0.0
516,Weak,0,0,0.0,0.0,0.0,0,35977.30570367564,0.0
517,Strong,0,0,0.0,0.0,0.0,0,35977.30570367564,0.0
518,Weak,0,0,0.0,0.0,0.0,0,35977.30570367564,0.0
519,Weak,0,0,0.0,0.0,0.0,0,35977.30570367564,0.0
520,Weak,0,0,0.0,0.0,0.0,0,35977.30570367564,0.0
521,Strong,0,0,0.0,0.0,0.0,0,35977.30570367564,0.0
522,Weak,0,0,0.0,0.0,0.0,0,35977.30570367564,0.0
523,Weak,0,0,0.0,0.0,0.0,0,35977.30570367564,0.0
524,Weak,0,0,0.0,0.0,0.0,0,35977.30570367564,0.0
525,Weak,0,0,0.0,0.0,0.0,0,35977.30570367564,0.0
526,Strong,0,0,0.0,0.0,0.0,0,35977.30570367564,0.0
527,Strong,0,0,0.0,0.0,0.0,0,35977.30570367564,0.0
528,Strong,0,0,0.0,0.0,0.0,0,35977.30570367564,0.0
529,Weak,0,0,0.0,0.0,0.0,0,35977.30570367564,0.0
530,Weak,0,0,0.0,0.0,0.0,0,35977.30570367564,0.0
531,Weak,0,0,0.0,0.0,0.0,0,35977.30570367564,0.0
532,Weak,0,0,0.0,0.0,0.0,0,35977.30570367564,0.0
533,Strong,0,0,0.0,0.0,0.0,0,35977.30570367564,0.0
534,Weak,0,0,0.0,0.0,0.0,0,35977.30570367564,0.0
535,Strong,0,0,0.0,0.0,0.0,0,35977.30570367564,0.0
536,Strong,0,0,0.0,0.0,0.0,0,35977.30570367564,0.0
537,Strong,0,0,0.0,0.0,0.0,0,35977.30570367564,0.0
538,Strong,0,0,0.0,0.0,0.0,0,35977.30570367564,0.0
539,Strong,0,0,0.0,0.0,0.0,0,35977.30570367564,0.0
540,Strong,0,0,0.0,0.0,0.0,0,35977.30570367564,0.0
541,Weak,0,0,0.0,0.0,0.0,0,35977.30570367564,0.0
542,Weak,0,0,0.0,0.0,0.0,0,35977.30570367564,0.0
543,Weak,0,0,0.0,0.0,0.0,0,35977.30570367564,0.0
544,Strong,0,0,0.0,0.0,0.0,0,35977.30570367564,0.0
545,Weak,0,0,0.0,0.0,0.0,0,35977.30570367564,0.0
546,Strong,0,0,0.0,0.0,0.0,0,35977.30570367564,0.0
547,Strong,0,0,0.0,0.0,0.0,0,35977.30570367564,0.0
548,Strong,0,0,0.0,0.0,0.0,0,35977.30570367564,0.0
549,Weak,0,0,0.0,0.0,0.0,0,35977.30570367564,0.0
550,Strong,0,0,0.0,0.0,0.0,0,35977.30570367564,0.0
551,Strong,0,0,0.0,0.0,0.0,0,35977.30570367564,0.0
552,Weak,0,0,0.0,0.0,0.0,0,35977.30570367564,0.0
553,Strong,0,0,0.0,0.0,0.0,0,35977.30570367564,0.0
554,Strong,0,0,0.0,0.0,0.0,0,35977.30570367564,0.0
555,Weak,0,0,0.0,0.0,0.0,0,35977.30570367564,0.0
556,Weak,0,0,0.0,0.0,0.0,0,35977.30570367564,0.0
557,Weak,0,0,0.0,0.0,0.0,0,35977.30570367564,0.0
558,Weak,0,0,0.0,0.0,0.0,0,35977.30570367564,0.0
559,Weak,0,0,0.0,0.0,0.0,0,35977.30570367564,0.0
560,Strong,0,0,0.0,0.0,0.0,0,35977.30570367564,0.0
561,Weak,0,0,0.0,0.0,0.0,0,35977.30570367564,0.0
562,Strong,0,0,0.0,0.0,0.0,0,35977.30570367564,0.0
563,Strong,0,0,0.0,0.0,0.0,0,35977.30570367564,0.0
564,Strong,0,0,0.0,0.0,0.0,0,35977.30570367564,0.0
565,Weak,0,0,0.0,0.0,0.0,0,35977.30570367564,0.0
566,Weak,0,0,0.0,0.0,0.0,0,35977.30570367564,0.0
567,Strong,0,0,0.0,0.0,0.0,0,35977.30570367564,0.0
568,Strong,0,0,0.0,0.0,0.0,0,35977.30570367564,0.0
569,Strong,0,0,0.0,0.0,0.0,0,35977.30570367564,0.0
570,Strong,0,0,0.0,0.0,0.0,0,35977.30570367564,0.0
571,Weak,0,0,0.0,0.0,0.0,0,35977.30570367564,0.0
572,Strong,0,0,0.0,0.0,0.0,0,35977.30570367564,0.0
573,Weak,0,0,0.0,0.0,0.0,0,35977.30570367564,0.0
574,Weak,0,0,0.0,0.0,0.0,0,35977.30570367564,0.0
575,Weak,0,0,0.0,0.0,0.0,0,35977.30570367564,0.0
576,Strong,0,0,0.0,0.0,0.0,0,35977.30570367564,0.0
577,Weak,0,0,0.0,0.0,0.0,0,35977.30570367564,0.0
578,Strong,0,0,0.0,0.0,0.0,0,35977.30570367564,0.0
579,Weak,0,0,0.0,0.0,0.0,0,35977.30570367564,0.0
580,Strong,0,0,0.0,0.0,0.0,0,35977.30570367564,0.0
581,Strong,0,0,0.0,0.0,0.0,0,35977.30570367564,0.0
582,Strong,0,0,0.0,0.0,0.0,0,35977.30570367564,0.0
583,Strong,0,0,0.0,0.0,0.0,0,35977.30570367564,0.0
584,Strong,0,0,0.0,0.0,0.0,0,35977.30570367564,0.0
585,Strong,0,0,0.0,0.0,0.0,0,35977.30570367564,0.0
586,Strong,0,0,0.0,0.0,0.0,0,35977.30570367564,0.0
587,Weak,0,0,0.0,0.0,0.0,0,35977.30570367564,0.0
588,Weak,0,0,0.0,0.0,0.0,0,35977.30570367564,0.0
589,Strong,0,0,0.0,0.0,0.0,0,35977.30570367564,0.0
590,Strong,0,0,0.0,0.0,0.0,0,35977.30570367564,0.0
591,Strong,0,0,0.0,0.0,0.0,0,35977.30570367564,0.0
592,Weak,0,0,0.0,0.0,0.0,0,35977.30570367564,0.0
593,Strong,0,0,0.0,0.0,0.0,0,35977.30570367564,0.0
594,Strong,0,0,0.0,0.0,0.0,0,35977.30570367564,0.0
595,Weak,0,0,0.0,0.0,0.0,0,35977.30570367564,0.0
596,Weak,0,0,0.0,0.0,0.0,0,35977.30570367564,0.0
597,Weak,0,0,0.0,0.0,0.0,0,35977.30570367564,0.0
598,Weak,0,0,0.0,0.0,0.0,0,35977.30570367564,0.0
599,Strong,0,0,0.0,0.0,0.0,0,35977.30570367564,0.0
600,Strong,0,0,0.0,0.0,0.0,0,35977.30570367564,0.0
601,Strong,0,0,0.0,0.0,0.0,0,35977.30570367564,0.0
602,Weak,0,0,0.0,0.0,0.0,0,35977.30570367564,0.0
603,Weak,0,0,0.0,0.0,0.0,0,35977.30570367564,0.0
604,Strong,0,0,0.0,0.0,0.0,0,35977.30570367564,0.0
605,Strong,0,0,0.0,0.0,0.0,0,35977.30570367564,0.0
606,Weak,0,0,0.0,0.0,0.0,0,35977.30570367564,0.0
607,Strong,0,0,0.0,0.0,0.0,0,35977.30570367564,0.0
608,Strong,0,0,0.0,0.0,0.0,0,35977.30570367564,0.0
609,Weak,0,0,0.0,0.0,0.0,0,35977.30570367564,0.0
610,Strong,0,0,0.0,0.0,0.0,0,35977.30570367564,0.0
611,Weak,0,0,0.0,0.0,0.0,0,35977.30570367564,0.0
612,Strong,0,0,0.0,0.0,0.0,0,35977.30570367564,0.0
613,Weak,0,0,0.0,0.0,0.0,0,35977.30570367564,0.0
614,Weak,0,0,0.0,0.0,0.0,0,35977.30570367564,0.0
615,Strong,0,0,0.0,0.0,0.0,0,35977.30570367564,0.0
616,Strong,0,0,0.0,0.0,0.0,0,35977.30570367564,0.0
617,Strong,0,0,0.0,0.0,0.0,0,35977.30570367564,0.0
618,Weak,0,0,0.0,0.0,0.0,0,35977.30570367564,0.0
619,Strong,0,0,0.0,0.0,0.0,0,35977.30570367564,0.0
620,Strong,0,0,0.0,0.0,0.0,0,35977.30570367564,0.0
621,Weak,0,0,0.0,0.0,0.0,0,35977.30570367564,0.0
622,Strong,0,0,0.0,0.0,0.0,0,35977.30570367564,0.0
623,Weak,0,0,0.0,0.0,0.0,0,35977.30570367564,0.0
624,Weak,0,0,0.0,0.0,0.0,0,35977.30570367564,0.0
625,Strong,0,0,0.0,0.0,0.0,0,35977.30570367564,0.0
626,Weak,0,0,0.0,0.0,0.0,0,35977.30570367564,0.0
627,Strong,0,0,0.0,0.0,0.0,0,35977.30570367564,0.0
628,Weak,0,0,0.0,0.0,0.0,0,35977.30570367564,0.0
629,Weak,0,0,0.0,0.0,0.0,0,35977.30570367564,0.0
630,Strong,0,0,0.0,0.0,0.0,0,35977.30570367564,0.0
631,Strong,0,0,0.0,0.0,0.0,0,35977.30570367564,0.0
632,Strong,0,0,0.0,0.0,0.0,0,35977.30570367564,0.0
633,Strong,0,0,0.0,0.0,0.0,0,35977.30570367564,0.0
634,Weak,0,0,0.0,0.0,0.0,0,35977.30570367564,0.0
635,Strong,0,0,0.0,0.0,0.0,0,35977.30570367564,0.0
636,Weak,0,0,0.0,0.0,0.0,0,35977.30570367564,0.0
637,Weak,0,0,0.0,0.0,0.0,0,35977.30570367564,0.0
638,Weak,0,0,0.0,0.0,0.0,0,35977.30570367564,0.0
639,Strong,0,0,0.0,0.0,0.0,0,35977.30570367564,0.0
640,Weak,0,0,0.0,0.0,0.0,0,35977.30570367564,0.0
641,Weak,0,0,0.0,0.0,0.0,0,35977.30570367564,0.0
642,Weak,0,0,0.0,0.0,0.0,0,35977.30570367564,0.0
643,Strong,0,0,0.0,0.0,0.0,0,35977.30570367564,0.0
644,Weak,0,0,0.0,0.0,0.0,0,35977.30570367564,0.0
645,Weak,0,0,0.0,0.0,0.0,0,35977.30570367564,0.0
646,Weak,0,0,0.0,0.0,0.0,0,35977.30570367564,0.0
647,Strong,0,0,0.0,0.0,0.0,0,35977.30570367564,0.0
648,Weak,0,0,0.0,0.0,0.0,0,35977.30570367564,0.0
649,Strong,0,0,0.0,0.0,0.0,0,35977.30570367564,0.0
650,Weak,0,0,0.0,0.0,0.0,0,35977.30570367564,0.0
651,Weak,0,0,0.0,0.0,0.0,0,35977.30570367564,0.0
652,Strong,0,0,0.0,0.0,0.0,0,35977.30570367564,0.0
653,Strong,0,0,0.0,0.0,0.0,0,35977.30570367564,0.0
654,Strong,0,0,0.0,0.0,0.0,0,35977.30570367564,0.0
655,Weak,0,0,0.0,0.0,0.0,0,35977.30570367564,0.0
656,Strong,0,0,0.0,0.0,0.0,0,35977.30570367564,0.0
657,Strong,0,0,0.0,0.0,0.0,0,35977.30570367564,0.0
658,Strong,0,0,0.0,0.0,0.0,0,35977.30570367564,0.0
659,Strong,0,0,0.0,0.0,0.0,0,35977.30570367564,0.0
660,Strong,0,0,0.0,0.0,0.0,0,35977.30570367564,0.0
661,Weak,0,0,0.0,0.0,0.0,0,35977.30570367564,0.0
662,Weak,0,0,0.0,0.0,0.0,0,35977.30570367564,0.0
663,Strong,0,0,0.0,0.0,0.0,0,35977.30570367564,0.0
664,Strong,0,0,0.0,0.0,0.0,0,35977.30570367564,0.0
665,Weak,0,0,0.0,0.0,0.0,0,35977.30570367564,0.0
666,Weak,0,0,0.0,0.0,0.0,0,35977.30570367564,0.0
667,Strong,0,0,0.0,0.0,0.0,0,35977.30570367564,0.0
668,Strong,0,0,0.0,0.0,0.0,0,35977.30570367564,0.0
669,Strong,0,0,0.0,0.0,0.0,0,35977.30570367564,0.0
670,Weak,0,0,0.0,0.0,0.0,0,35977.30570367564,0.0
671,Weak,0,0,0.0,0.0,0.0,0,35977.30570367564,0.0
672,Strong,0,0,0.0,0.0,0.0,0,35977.30570367564,0.0
673,Weak,0,0,0.0,0.0,0.0,0,35977.30570367564,0.0
674,Strong,0,0,0.0,0.0,0.0,0,35977.30570367564,0.0
675,Weak,0,0,0.0,0.0,0.0,0,35977.30570367564,0.0
676,Strong,0,0,0.0,0.0,0.0,0,35977.30570367564,0.0
677,Weak,0,0,0.0,0.0,0.0,0,35977.30570367564,0.0
678,Strong,0,0,0.0,0.0,0.0,0,35977.30570367564,0.0
679,Strong,0,0,0.0,0.0,0.0,0,35977.30570367564,0.0
680,Weak,0,0,0.0,0.0,0.0,0,35977.30570367564,0.0
681,Weak,0,0,0.0,0.0,0.0,0,35977.30570367564,0.0
682,Weak,0,0,0.0,0.0,0.0,0,35977.30570367564,0.0
683,Strong,0,0,0.0,0.0,0.0,0,35977.30570367564,0.0
684,Strong,0,0,0.0,0.0,0.0,0,35977.30570367564,0.0
685,Weak,0,0,0.0,0.0,0.0,0,35977.30570367564,0.0
686,Weak,0,0,0.0,0.0,0.0,0,35977.30570367564,0.0
687,Strong,0,0,0.0,0.0,0.0,0,35977.30570367564,0.0
688,Strong,0,0,0.0,0.0,0.0,0,35977.30570367564,0.0
689,Weak,0,0,0.0,0.0,0.0,0,35977.30570367564,0.0
690,Strong,0,0,0.0,0.0,0.0,0,35977.30570367564,0.0
691,Strong,0,0,0.0,0.0,0.0,0,35977.30570367564,0.0
692,Strong,0,0,0.0,0.0,0.0,0,35977.30570367564,0.0
693,Weak,0,0,0.0,0.0,0.0,0,35977.30570367564,0.0
694,Weak,0,0,0.0,0.0,0.0,0,35977.30570367564,0.0
695,Weak,0,0,0.0,0.0,0.0,0,35977.30570367564,0.0
696,Weak,0,0,0.0,0.0,0.0,0,35977.30570367564,0.0
697,Weak,0,0,0.0,0.0,0.0,0,35977.30570367564,0.0
698,Strong,0,0,0.0,0.0,0.0,0,35977.30570367564,0.0
699,Strong,0,0,0.0,0.0,0.0,0,35977.30570367564,0.0
700,Strong,0,0,0.0,0.0,0.0,0,35977.30570367564,0.0
701,Strong,0,0,0.0,0.0,0.0,0,35977.30570367564,0.0
702,Weak,0,0,0.0,0.0,0.0,0,35977.30570367564,0.0
703,Strong,0,0,0.0,0.0,0.0,0,35977.30570367564,0.0
704,Strong,0,0,0.0,0.0,0.0,0,35977.30570367564,0.0
705,Strong,0,0,0.0,0.0,0.0,0,35977.30570367564,0.0
706,Strong,0,0,0.0,0.0,0.0,0,35977.30570367564,0.0
707,Strong,0,0,0.0,0.0,0.0,0,35977.30570367564,0.0
708,Weak,0,0,0.0,0.0,0.0,0,35977.30570367564,0.0
709,Weak,0,0,0.0,0.0,0.0,0,35977.30570367564,0.0
710,Weak,0,0,0.0,0.0,0.0,0,35977.30570367564,0.0
711,Weak,0,0,0.0,0.0,0.0,0,35977.30570367564,0.0
712,Weak,0,0,0.0,0.0,0.0,0,35977.30570367564,0.0
713,Strong,0,0,0.0,0.0,0.0,0,35977.30570367564,0.0
714,Weak,0,0,0.0,0.0,0.0,0,35977.30570367564,0.0
715,Strong,0,0,0.0,0.0,0.0,0,35977.30570367564,0.0
716,Weak,0,0,0.0,0.0,0.0,0,35977.30570367564,0.0
717,Strong,0,0,0.0,0.0,0.0,0,35977.30570367564,0.0
718,Strong,0,0,0.0,0.0,0.0,0,35977.30570367564,0.0
719,Strong,0,0,0.0,0.0,0.0,0,35977.30570367564,0.0
720,Weak,0,0,0.0,0.0,0.0,0,35977.30570367564,0.0
721,Strong,0,0,0.0,0.0,0.0,0,35977.30570367564,0.0
722,Strong,0,0,0.0,0.0,0.0,0,35977.30570367564,0.0
723,Weak,0,0,0.0,0.0,0.0,0,35977.30570367564,0.0
724,Strong,0,0,0.0,0.0,0.0,0,35977.30570367564,0.0
725,Weak,0,0,0.0,0.0,0.0,0,35977.30570367564,0.0
726,Weak,0,0,0.0,0.0,0.0,0,35977.30570367564,0.0
727,Strong,0,0,0.0,0.0,0.0,0,35977.30570367564,0.0
728,Weak,0,0,0.0,0.0,0.0,0,35977.30570367564,0.0
729,Strong,0,0,0.0,0.0,0.0,0,35977.30570367564,0.0
730,Strong,0,0,0.0,0.0,0.0,0,35977.30570367564,0.0
731,Weak,0,0,0.0,0.0,0.0,0,35977.30570367564,0.0
732,Weak,0,0,0.0,0.0,0.0,0,35977.30570367564,0.0
733,Weak,0,0,0.0,0.0,0.0,0,35977.30570367564,0.0
734,Weak,0,0,0.0,0.0,0.0,0,35977.30570367564,0.0
735,Weak,0,0,0.0,0.0,0.0,0,35977.30570367564,0.0
736,Strong,0,0,0.0,0.0,0.0,0,35977.30570367564,0.0
737,Weak,0,0,0.0,0.0,0.0,0,35977.30570367564,0.0
738,Strong,0,0,0.0,0.0,0.0,0,35977.30570367564,0.0
739,Weak,0,0,0.0,0.0,0.0,0,35977.30570367564,0.0
740,Strong,0,0,0.0,0.0,0.0,0,35977.30570367564,0.0
741,Weak,0,0,0.0,0.0,0.0,0,35977.30570367564,0.0
742,Strong,0,0,0.0,0.0,0.0,0,35977.30570367564,0.0
743,Weak,0,0,0.0,0.0,0.0,0,35977.30570367564,0.0
744,Strong,0,0,0.0,0.0,0.0,0,35977.30570367564,0.0
745,Strong,0,0,0.0,0.0,0.0,0,35977.30570367564,0.0
746,Weak,0,0,0.0,0.0,0.0,0,35977.30570367564,0.0
747,Strong,0,0,0.0,0.0,0.0,0,35977.30570367564,0.0
748,Weak,0,0,0.0,0.0,0.0,0,35977.30570367564,0.0
749,Weak,0,0,0.0,0.0,0.0,0,35977.30570367564,0.0
750,Weak,0,0,0.0,0.0,0.0,0,35977.30570367564,0.0
751,Weak,0,0,0.0,0.0,0.0,0,35977.30570367564,0.0
752,Weak,0,0,0.0,0.0,0.0,0,35977.30570367564,0.0
753,Weak,0,0,0.0,0.0,0.0,0,35977.30570367564,0.0
754,Weak,0,0,0.0,0.0,0.0,0,35977.30570367564,0.0
755,Weak,0,0,0.0,0.0,0.0,0,35977.30570367564,0.0
756,Weak,0,0,0.0,0.0,0.0,0,35977.30570367564,0.0
757,Weak,0,0,0.0,0.0,0.0,0,35977.30570367564,0.0
758,Weak,0,0,0.0,0.0,0.0,0,35977.30570367564,0.0
759,Weak,0,0,0.0,0.0,0.0,0,35977.30570367564,0.0
760,Weak,0,0,0.0,0.0,0.0,0,35977.30570367564,0.0
761,Strong,0,0,0.0,0.0,0.0,0,35977.30570367564,0.0
762,Strong,0,0,0.0,0.0,0.0,0,35977.30570367564,0.0
763,Strong,0,0,0.0,0.0,0.0,0,35977.30570367564,0.0
764,Weak,0,0,0.0,0.0,0.0,0,35977.30570367564,0.0
765,Weak,0,0,0.0,0.0,0.0,0,35977.30570367564,0.0
766,Strong,0,0,0.0,0.0,0.0,0,35977.30570367564,0.0
767,Weak,0,0,0.0,0.0,0.0,0,35977.30570367564,0.0
768,Strong,0,0,0.0,0.0,0.0,0,35977.30570367564,0.0
769,Strong,0,0,0.0,0.0,0.0,0,35977.30570367564,0.0
770,Strong,0,0,0.0,0.0,0.0,0,35977.30570367564,0.0
771,Weak,0,0,0.0,0.0,0.0,0,35977.30570367564,0.0
772,Strong,0,0,0.0,0.0,0.0,0,35977.30570367564,0.0
773,Weak,0,0,0.0,0.0,0.0,0,35977.30570367564,0.0
774,Strong,0,0,0.0,0.0,0.0,0,35977.30570367564,0.0
775,Weak,0,0,0.0,0.0,0.0,0,35977.30570367564,0.0
776,Weak,0,0,0.0,0.0,0.0,0,35977.30570367564,0.0
777,Weak,0,0,0.0,0.0,0.0,0,35977.30570367564,0.0
778,Weak,0,0,0.0,0.0,0.0,0,35977.30570367564,0.0
779,Weak,0,0,0.0,0.0,0.0,0,35977.30570367564,0.0
780,Strong,0,0,0.0,0.0,0.0,0,35977.30570367564,0.0
781,Strong,0,0,0.0,0.0,0.0,0,35977.30570367564,0.0
782,Strong,0,0,0.0,0.0,0.0,0,35977.30570367564,0.0
783,Strong,0,0,0.0,0.0,0.0,0,35977.30570367564,0.0
784,Strong,0,0,0.0,0.0,0.0,0,35977.30570367564,0.0
785,Weak,0,0,0.0,0.0,0.0,0,35977.30570367564,0.0
786,Weak,0,0,0.0,0.0,0.0,0,35977.30570367564,0.0
787,Strong,0,0,0.0,0.0,0.0,0,35977.30570367564,0.0
788,Strong,0,0,0.0,0.0,0.0,0,35977.30570367564,0.0
789,Strong,0,0,0.0,0.0,0.0,0,35977.30570367564,0.0
790,Strong,0,0,0.0,0.0,0.0,0,35977.30570367564,0.0
791,Weak,0,0,0.0,0.0,0.0,0,35977.30570367564,0.0
792,Strong,0,0,0.0,0.0,0.0,0,35977.30570367564,0.0
793,Weak,0,0,0.0,0.0,0.0,0,35977.30570367564,0.0
794,Strong,0,0,0.0,0.0,0.0,0,35977.30570367564,0.0
795,Strong,0,0,0.0,0.0,0.0,0,35977.30570367564,0.0
796,Strong,0,0,0.0,0.0,0.0,0,35977.30570367564,0.0
797,Weak,0,0,0.0,0.0,0.0,0,35977.30570367564,0.0
798,Strong,0,0,0.0,0.0,0.0,0,35977.30570367564,0.0
799,Strong,0,0,0.0,0.0,0.0,0,35977.30570367564,0.0
800,Strong,0,0,0.0,0.0,0.0,0,35977.30570367564,0.0
801,Strong,0,0,0.0,0.0,0.0,0,35977.30570367564,0.0
802,Weak,0,0,0.0,0.0,0.0,0,35977.30570367564,0.0
803,Weak,0,0,0.0,0.0,0.0,0,35977.30570367564,0.0
804,Strong,0,0,0.0,0.0,0.0,0,35977.30570367564,0.0
805,Weak,0,0,0.0,0.0,0.0,0,35977.30570367564,0.0
806,Weak,0,0,0.0,0.0,0.0,0,35977.30570367564,0.0
807,Strong,0,0,0.0,0.0,0.0,0,35977.30570367564,0.0
808,Strong,0,0,0.0,0.0,0.0,0,35977.30570367564,0.0
809,Weak,0,0,0.0,0.0,0.0,0,35977.30570367564,0.0
810,Strong,0,0,0.0,0.0,0.0,0,35977.30570367564,0.0
811,Weak,0,0,0.0,0.0,0.0,0,35977.30570367564,0.0
812,Strong,0,0,0.0,0.0,0.0,0,35977.30570367564,0.0
813,Strong,0,0,0.0,0.0,0.0,0,35977.30570367564,0.0
814,Weak,0,0,0.0,0.0,0.0,0,35977.30570367564,0.0
815,Strong,0,0,0.0,0.0,0.0,0,35977.30570367564,0.0
816,Strong,0,0,0.0,0.0,0.0,0,35977.30570367564,0.0
817,Strong,0,0,0.0,0.0,0.0,0,35977.30570367564,0.0
818,Weak,0,0,0.0,0.0,0.0,0,35977.30570367564,0.0
819,Weak,0,0,0.0,0.0,0.0,0,35977.30570367564,0.0
820,Strong,0,0,0.0,0.0,0.0,0,35977.30570367564,0.0
821,Strong,0,0,0.0,0.0,0.0,0,35977.30570367564,0.0
822,Weak,0,0,0.0,0.0,0.0,0,35977.30570367564,0.0
823,Weak,0,0,0.0,0.0,0.0,0,35977.30570367564,0.0
824,Weak,0,0,0.0,0.0,0.0,0,35977.30570367564,0.0
825,Strong,0,0,0.0,0.0,0.0,0,35977.30570367564,0.0
826,Weak,0,0,0.0,0.0,0.0,0,35977.30570367564,0.0
827,Strong,0,0,0.0,0.0,0.0,0,35977.30570367564,0.0
828,Weak,0,0,0.0,0.0,0.0,0,35977.30570367564,0.0
829,Weak,0,0,0.0,0.0,0.0,0,35977.30570367564,0.0
830,Weak,0,0,0.0,0.0,0.0,0,35977.30570367564,0.0
831,Strong,0,0,0.0,0.0,0.0,0,35977.30570367564,0.0
832,Weak,0,0,0.0,0.0,0.0,0,35977.30570367564,0.0
833,Weak,0,0,0.0,0.0,0.0,0,35977.30570367564,0.0
834,Strong,0,0,0.0,0.0,0.0,0,35977.30570367564,0.0
835,Weak,0,0,0.0,0.0,0.0,0,35977.30570367564,0.0
836,Strong,0,0,0.0,0.0,0.0,0,35977.30570367564,0.0
837,Strong,0,0,0.0,0.0,0.0,0,35977.30570367564,0.0
838,Strong,0,0,0.0,0.0,0.0,0,35977.30570367564,0.0
839,Strong,0,0,0.0,0.0,0.0,0,35977.30570367564,0.0
840,Strong,0,0,0.0,0.0,0.0,0,35977.30570367564,0.0
841,Strong,0,0,0.0,0.0,0.0,0,35977.30570367564,0.0
842,Weak,0,0,0.0,0.0,0.0,0,35977.30570367564,0.0
843,Weak,0,0,0.0,0.0,0.0,0,35977.30570367564,0.0
844,Strong,0,0,0.0,0.0,0.0,0,35977.30570367564,0.0
845,Strong,0,0,0.0,0.0,0.0,0,35977.30570367564,0.0
846,Strong,0,0,0.0,0.0,0.0,0,35977.30570367564,0.0
847,Strong,0,0,0.0,0.0,0.0,0,35977.30570367564,0.0
848,Strong,0,0,0.0,0.0,0.0,0,35977.30570367564,0.0
849,Strong,0,0,0.0,0.0,0.0,0,35977.30570367564,0.0
850,Strong,0,0,0.0,0.0,0.0,0,35977.30570367564,0.0
851,Strong,0,0,0.0,0.0,0.0,0,35977.30570367564,0.0
852,Weak,0,0,0.0,0.0,0.0,0,35977.30570367564,0.0
853,Strong,0,0,0.0,0.0,0.0,0,35977.30570367564,0.0
854,Strong,0,0,0.0,0.0,0.0,0,35977.30570367564,0.0
855,Strong,0,0,0.0,0.0,0.0,0,35977.30570367564,0.0
856,Weak,0,0,0.0,0.0,0.0,0,35977.30570367564,0.0
857,Strong,0,0,0.0,0.0,0.0,0,35977.30570367564,0.0
858,Weak,0,0,0.0,0.0,0.0,0,35977.30570367564,0.0
859,Strong,0,0,0.0,0.0,0.0,0,35977.30570367564,0.0
860,Weak,0,0,0.0,0.0,0.0,0,35977.30570367564,0.0
861,Strong,0,0,0.0,0.0,0.0,0,35977.30570367564,0.0
862,Strong,0,0,0.0,0.0,0.0,0,35977.30570367564,0.0
863,Weak,0,0,0.0,0.0,0.0,0,35977.30570367564,0.0
864,Strong,0,0,0.0,0.0,0.0,0,35977.30570367564,0.0
865,Weak,0,0,0.0,0.0,0.0,0,35977.30570367564,0.0
866,Strong,0,0,0.0,0.0,0.0,0,35977.30570367564,0.0
867,Weak,0,0,0.0,0.0,0.0,0,35977.30570367564,0.0
868,Weak,0,0,0.0,0.0,0.0,0,35977.30570367564,0.0
869,Strong,0,0,0.0,0.0,0.0,0,35977.30570367564,0.0
870,Strong,0,0,0.0,0.0,0.0,0,35977.30570367564,0.0
871,Strong,0,0,0.0,0.0,0.0,0,35977.30570367564,0.0
872,Strong,0,0,0.0,0.0,0.0,0,35977.30570367564,0.0
873,Strong,0,0,0.0,0.0,0.0,0,35977.30570367564,0.0
874,Strong,0,0,0.0,0.0,0.0,0,35977.30570367564,0.0
875,Weak,0,0,0.0,0.0,0.0,0,35977.30570367564,0.0
876,Strong,0,0,0.0,0.0,0.0,0,35977.30570367564,0.0
877,Strong,0,0,0.0,0.0,0.0,0,35977.30570367564,0.0
878,Strong,0,0,0.0,0.0,0.0,0,35977.30570367564,0.0
879,Strong,0,0,0.0,0.0,0.0,0,35977.30570367564,0.0
880,Weak,0,0,0.0,0.0,0.0,0,35977.30570367564,0.0
881,Weak,0,0,0.0,0.0,0.0,0,35977.30570367564,0.0
882,Weak,0,0,0.0,0.0,0.0,0,35977.30570367564,0.0
883,Strong,0,0,0.0,0.0,0.0,0,35977.30570367564,0.0
884,Weak,0,0,0.0,0.0,0.0,0,35977.30570367564,0.0
885,Weak,0,0,0.0,0.0,0.0,0,35977.30570367564,0.0
886,Strong,0,0,0.0,0.0,0.0,0,35977.30570367564,0.0
887,Weak,0,0,0.0,0.0,0.0,0,35977.30570367564,0.0
888,Weak,0,0,0.0,0.0,0.0,0,35977.30570367564,0.0
889,Strong,0,0,0.0,0.0,0.0,0,35977.30570367564,0.0
890,Strong,0,0,0.0,0.0,0.0,0,35977.30570367564,0.0
891,Strong,0,0,0.0,0.0,0.0,0,35977.30570367564,0.0
892,Strong,0,0,0.0,0.0,0.0,0,35977.30570367564,0.0
893,Weak,0,0,0.0,0.0,0.0,0,35977.30570367564,0.0
894,Strong,0,0,0.0,0.0,0.0,0,35977.30570367564,0.0
895,Weak,0,0,0.0,0.0,0.0,0,35977.30570367564,0.0
896,Weak,0,0,0.0,0.0,0.0,0,35977.30570367564,0.0
897,Weak,0,0,0.0,0.0,0.0,0,35977.30570367564,0.0
898,Weak,0,0,0.0,0.0,0.0,0,35977.30570367564,0.0
899,Strong,0,0,0.0,0.0,0.0,0,35977.30570367564,0.0
900,Strong,0,0,0.0,0.0,0.0,0,35977.30570367564,0.0
901,Strong,0,0,0.0,0.0,0.0,0,35977.30570367564,0.0
902,Weak,0,0,0.0,0.0,0.0,0,35977.30570367564,0.0
903,Weak,0,0,0.0,0.0,0.0,0,35977.30570367564,0.0
904,Strong,0,0,0.0,0.0,0.0,0,35977.30570367564,0.0
905,Strong,0,0,0.0,0.0,0.0,0,35977.30570367564,0.0
906,Strong,0,0,0.0,0.0,0.0,0,35977.30570367564,0.0
907,Strong,0,0,0.0,0.0,0.0,0,35977.30570367564,0.0
908,Strong,0,0,0.0,0.0,0.0,0,35977.30570367564,0.0
909,Weak,0,0,0.0,0.0,0.0,0,35977.30570367564,0.0
910,Weak,0,0,0.0,0.0,0.0,0,35977.30570367564,0.0
911,Strong,0,0,0.0,0.0,0.0,0,35977.30570367564,0.0
912,Weak,0,0,0.0,0.0,0.0,0,35977.30570367564,0.0
913,Weak,0,0,0.0,0.0,0.0,0,35977.30570367564,0.0
914,Weak,0,0,0.0,0.0,0.0,0,35977.30570367564,0.0
915,Strong,0,0,0.0,0.0,0.0,0,35977.30570367564,0.0
916,Weak,0,0,0.0,0.0,0.0,0,35977.30570367564,0.0
917,Strong,0,0,0.0,0.0,0.0,0,35977.30570367564,0.0
918,Weak,0,0,0.0,0.0,0.0,0,35977.30570367564,0.0
919,Strong,0,0,0.0,0.0,0.0,0,35977.30570367564,0.0
920,Weak,0,0,0.0,0.0,0.0,0,35977.30570367564,0.0
921,Weak,0,0,0.0,0.0,0.0,0,35977.30570367564,0.0
922,Strong,0,0,0.0,0.0,0.0,0,35977.30570367564,0.0
923,Strong,0,0,0.0,0.0,0.0,0,35977.30570367564,0.0
924,Strong,0,0,0.0,0.0,0.0,0,35977.30570367564,0.0
925,Strong,0,0,0.0,0.0,0.0,0,35977.30570367564,0.0
926,Weak,0,0,0.0,0.0,0.0,0,35977.30570367564,0.0
927,Strong,0,0,0.0,0.0,0.0,0,35977.30570367564,0.0
928,Weak,0,0,0.0,0.0,0.0,0,35977.30570367564,0.0
929,Strong,0,0,0.0,0.0,0.0,0,35977.30570367564,0.0
930,Weak,0,0,0.0,0.0,0.0,0,35977.30570367564,0.0
931,Strong,0,0,0.0,0.0,0.0,0,35977.30570367564,0.0
932,Strong,0,0,0.0,0.0,0.0,0,35977.30570367564,0.0
933,Strong,0,0,0.0,0.0,0.0,0,35977.30570367564,0.0
934,Strong,0,0,0.0,0.0,0.0,0,35977.30570367564,0.0
935,Weak,0,0,0.0,0.0,0.0,0,35977.30570367564,0.0
936,Strong,0,0,0.0,0.0,0.0,0,35977.30570367564,0.0
937,Strong,0,0,0.0,0.0,0.0,0,35977.30570367564,0.0
938,Strong,0,0,0.0,0.0,0.0,0,35977.30570367564,0.0
939,Strong,0,0,0.0,0.0,0.0,0,35977.30570367564,0.0
940,Weak,0,0,0.0,0.0,0.0,0,35977.30570367564,0.0
941,Strong,0,0,0.0,0.0,0.0,0,35977.30570367564,0.0
942,Strong,0,0,0.0,0.0,0.0,0,35977.30570367564,0.0
943,Weak,0,0,0.0,0.0,0.0,0,35977.30570367564,0.0
944,Strong,0,0,0.0,0.0,0.0,0,35977.30570367564,0.0
945,Strong,0,0,0.0,0.0,0.0,0,35977.30570367564,0.0
946,Weak,0,0,0.0,0.0,0.0,0,35977.30570367564,0.0
947,Weak,0,0,0.0,0.0,0.0,0,35977.30570367564,0.0
948,Weak,0,0,0.0,0.0,0.0,0,35977.30570367564,0.0
949,Weak,0,0,0.0,0.0,0.0,0,35977.30570367564,0.0
950,Strong,0,0,0.0,0.0,0.0,0,35977.30570367564,0.0
951,Strong,0,0,0.0,0.0,0.0,0,35977.30570367564,0.0
952,Strong,0,0,0.0,0.0,0.0,0,35977.30570367564,0.0
953,Weak,0,0,0.0,0.0,0.0,0,35977.30570367564,0.0
954,Strong,0,0,0.0,0.0,0.0,0,35977.30570367564,0.0
955,Weak,0,0,0.0,0.0,0.0,0,35977.30570367564,0.0
956,Weak,0,0,0.0,0.0,0.0,0,35977.30570367564,0.0
957,Weak,0,0,0.0,0.0,0.0,0,35977.30570367564,0.0
958,Weak,0,0,0.0,0.0,0.0,0,35977.30570367564,0.0
959,Strong,0,0,0.0,0.0,0.0,0,35977.30570367564,0.0
960,Weak,0,0,0.0,0.0,0.0,0,35977.30570367564,0.0
961,Strong,0,0,0.0,0.0,0.0,0,35977.30570367564,0.0
962,Weak,0,0,0.0,0.0,0.0,0,35977.30570367564,0.0
963,Strong,0,0,0.0,0.0,0.0,0,35977.30570367564,0.0
964,Weak,0,0,0.0,0.0,0.0,0,35977.30570367564,0.0
965,Strong,0,0,0.0,0.0,0.0,0,35977.30570367564,0.0
966,Strong,0,0,0.0,0.0,0.0,0,35977.30570367564,0.0
967,Strong,0,0,0.0,0.0,0.0,0,35977.30570367564,0.0
968,Strong,0,0,0.0,0.0,0.0,0,35977.30570367564,0.0
969,Weak,0,0,0.0,0.0,0.0,0,35977.30570367564,0.0
970,Strong,0,0,0.0,0.0,0.0,0,35977.30570367564,0.0
971,Weak,0,0,0.0,0.0,0.0,0,35977.30570367564,0.0
972,Strong,0,0,0.0,0.0,0.0,0,35977.30570367564,0.0
973,Strong,0,0,0.0,0.0,0.0,0,35977.30570367564,0.0
974,Weak,0,0,0.0,0.0,0.0,0,35977.30570367564,0.0
975,Strong,0,0,0.0,0.0,0.0,0,35977.30570367564,0.0
976,Weak,0,0,0.0,0.0,0.0,0,35977.30570367564,0.0
977,Strong,0,0,0.0,0.0,0.0,0,35977.30570367564,0.0
978,Weak,0,0,0.0,0.0,0.0,0,35977.30570367564,0.0
979,Weak,0,0,0.0,0.0,0.0,0,35977.30570367564,0.0
980,Weak,0,0,0.0,0.0,0.0,0,35977.30570367564,0.0
981,Strong,0,0,0.0,0.0,0.0,0,35977.30570367564,0.0
982,Strong,0,0,0.0,0.0,0.0,0,35977.30570367564,0.0
983,Strong,0,0,0.0,0.0,0.0,0,35977.30570367564,0.0
984,Weak,0,0,0.0,0.0,0.0,0,35977.30570367564,0.0
985,Strong,0,0,0.0,0.0,0.0,0,35977.30570367564,0.0
986,Weak,0,0,0.0,0.0,0.0,0,35977.30570367564,0.0
987,Weak,0,0,0.0,0.0,0.0,0,35977.30570367564,0.0
988,Weak,0,0,0.0,0.0,0.0,0,35977.30570367564,0.0
989,Strong,0,0,0.0,0.0,0.0,0,35977.30570367564,0.0
990,Strong,0,0,0.0,0.0,0.0,0,35977.30570367564,0.0
991,Strong,0,0,0.0,0.0,0.0,0,35977.30570367564,0.0
992,Strong,0,0,0.0,0.0,0.0,0,35977.30570367564,0.0
993,Strong,0,0,0.0,0.0,0.0,0,35977.30570367564,0.0
994,Strong,0,0,0.0,0.0,0.0,0,35977.30570367564,0.0
995,Strong,0,0,0.0,0.0,0.0,0,35977.30570367564,0.0
996,Strong,0,0,0.0,0.0,0.0,0,35977.30570367564,0.0
997,Weak,0,0,0.0,0.0,0.0,0,35977.30570367564,0.0
998,Weak,0,0,0.0,0.0,0.0,0,35977.30570367564,0.0
999,Strong,0,0,0.0,0.0,0.0,0,35977.30570367564,0.0
